<env:Envelope xmlns:env="http://www.w3.org/2003/05/soap-envelope">
<env:Header/>
<env:Body>
<ns2:CheckErrSubmissionResponse xmlns:ns2="http://www.ros.ie/schemas/paye-employers/err/v1/enhanced_reporting/">
<ns2:SubmissionID>Sub01</ns2:SubmissionID>
<ns2:Status>COMPLETED</ns2:Status>
<ns2:ExpenseBenefitSubmissionSummary>
<ns2:TotalAmount>100</ns2:TotalAmount>
<ns2:ExpensesBenefitsCount>1</ns2:ExpensesBenefitsCount>
<ns2:ExpensesBenefitsToDeleteCount>0</ns2:ExpensesBenefitsToDeleteCount>
</ns2:ExpenseBenefitSubmissionSummary>
</ns2:CheckErrSubmissionResponse>
</env:Body>
</env:Envelope>