{
	"requestType": "EnhancedReportingSubmission",
	"employerRegistrationNumber": "1234567T",
	"taxYear": 2024,
	"softwareUsed": "test",
	"softwareVersion": "1.234",
	"enhancedReportingRunReference": "Run01",
	"submissionID": "Sub01",
	"requestBody": {
		"expensesBenefits": [{
				"lineItemID": "line05",
				"employeeID": {
					"employeePpsn": "1234567X",
					"employmentID": "95"
				},
				"employerReference": "JDEHJ352",
				"name": {
					"firstName": "Joe",
					"familyName": "Bloggs"
				},
				"address": {
					"addressLines": [{
						"addressLine": "12 Station Road"
					}],
					"county": "Dublin",
					"countryCode": "IRL"
				},
				"dateOfBirth": "1968-09-17",
				"category": "TRAVEL_AND_SUBSISTENCE",
				"subCategory": "TRAVEL_VOUCHED",
				"paymentDate": "2024-01-02",
				"amount": 140
			},
			{
				"lineItemID": "line06",
				"employeeID": {
					"employeePpsn": "7654321X",
					"employmentID": "74"
				},
				"employerReference": "PLKA1254",
				"name": {
					"firstName": "Sarah",
					"familyName": "Bloggs"
				},
				"address": {
					"addressLines": [{
						"addressLine": "1 Station Road"
					}],
					"county": "Dublin",
					"countryCode": "IRL"
				},
				"dateOfBirth": "1960-01-01",
				"category": "REMOTE_WORKING_DAILY_ALLOWANCE",
				"numberOfDays": 10,
				"paymentDate": "2024-07-07",
				"amount": 45
			},
			{
				"lineItemID": "line07",
				"employeeID": {
					"employeePpsn": "7654322X",
					"employmentID": "20"
				},
				"employerReference": "UEJD283",
				"name": {
					"firstName": "Shona",
					"familyName": "Bloggs"
				},
				"address": {
					"addressLines": [{
						"addressLine": "45 Station Road"
					}],
					"county": "Sligo",
					"countryCode": "IRL"
				},
				"dateOfBirth": "1960-01-01",
				"category": "TRAVEL_AND_SUBSISTENCE",
				"subCategory": "TRAVEL_UNVOUCHED",
				"paymentDate": "2024-05-28",
				"amount": 50
			}
		]
	}
}