<PayrollSubmissionRequest xmlns="http://www.ros.ie/schemas/paye-employers/v1/payroll/">
	<SubmissionID>Submission-25</SubmissionID>
	<BatchReference>
		<Index>1</Index>
		<Count>1</Count>
	</BatchReference>
	<Header>
		<EmployerRegistrationNumber>8000074DH</EmployerRegistrationNumber>
		<PayrollRunReference>Payroll-Run-Reference-25</PayrollRunReference>
		<TaxYear>2018</TaxYear>
		<SoftwareUsed>
			<Name>SOAP UI</Name>
			<Version>5.4.0</Version>
		</SoftwareUsed>
	</Header>
	<Payslip>
		<LineItemID>LineItem-XYZ-25</LineItemID>
		<EmployeeID>
			<EmployeePPSN>01234567T</EmployeePPSN>
			<EmploymentID>1</EmploymentID>
		</EmployeeID>
		<Name>
			<FirstName>Sara</FirstName>
			<FamilyName>Tester</FamilyName>
		</Name>
		<ShadowPayroll>false</ShadowPayroll>
		<PayFrequency>WEEKLY</PayFrequency>
		<NumberOfPayPeriods>52</NumberOfPayPeriods>
		<RPNNumber>3</RPNNumber>
		<ExclusionOrder>false</ExclusionOrder>
		<PayDate>2018-04-11</PayDate>
		<GrossPay>2000.00</GrossPay>
		<PayForIncomeTax>2000.00</PayForIncomeTax>
		<IncomeTaxPaid>400.00</IncomeTaxPaid>
		<PayForEmployeePRSI>2000.00</PayForEmployeePRSI>
		<PayForEmployerPRSI>2000.00</PayForEmployerPRSI>
		<PRSIExempt>false</PRSIExempt>
		<PRSIClassDetail>
			<PRSIClass>A1</PRSIClass>
			<InsurableWeeks>12</InsurableWeeks>
		</PRSIClassDetail>
		<EmployeePRSIPaid>400.00</EmployeePRSIPaid>
		<EmployerPRSIPaid>400.00</EmployerPRSIPaid>
		<PayForUSC>2000.00</PayForUSC>
		<USCStatus>ORDINARY</USCStatus>
		<USCPaid>160.00</USCPaid>
		<LPTDeducted>0.00</LPTDeducted>
		<GrossMedicalInsurance>0.00</GrossMedicalInsurance>
		<ShareBasedRemuneration>0.00</ShareBasedRemuneration>
		<TaxableBenefits>0.00</TaxableBenefits>
		<TaxableLumpSum>0.00</TaxableLumpSum>
		<NonTaxableLumpSum>0.00</NonTaxableLumpSum>
		<PensionTracingNumber>PB123456</PensionTracingNumber>
		<PensionTracingNumber>PB818281</PensionTracingNumber>
		<EmployerRBS>500.00</EmployerRBS>
		<EmployeeRBS>500.00</EmployeeRBS>
		<EmployerPRSA>500.00</EmployerPRSA>
		<EmployeePRSA>500.00</EmployeePRSA>
		<EmployeeRAC>500.00</EmployeeRAC>
		<EmployeeAVC>500.00</EmployeeAVC>
	</Payslip>
</PayrollSubmissionRequest>