<?xml version="1.0" encoding="UTF-8" standalone="yes"?>
<PayrollSubmissionRequest xmlns="http://www.ros.ie/schemas/paye-employers/v1/payroll/">
	<SubmissionID>Submission-13</SubmissionID>
	<BatchReference>
		<Index>1</Index>
		<Count>1</Count>
	</BatchReference>
	<Header>
		<EmployerRegistrationNumber>3390617EH</EmployerRegistrationNumber>
		<PayrollRunReference>Payroll-Run-Reference-1</PayrollRunReference>
		<TaxYear>2018</TaxYear>
		<SoftwareUsed>
			<Name>SOAP UI</Name>
			<Version>5.4.0</Version>
		</SoftwareUsed>
	</Header>
	<Payslip>
		<LineItemID>LineItem-XYZ</LineItemID>
		<EmployeeID>
			<EmployeePPSN>01234567T</EmployeePPSN>
			<EmploymentID>1</EmploymentID>
		</EmployeeID>
		<Name>
			<FirstName>Sara</FirstName>
			<FamilyName>Tester</FamilyName>
		</Name>
		<StartDate>2018-01-01</StartDate>
		<ShadowPayroll>true</ShadowPayroll>
		<PayFrequency>Monthly</PayFrequency>
		<NumberOfPayPeriods>13</NumberOfPayPeriods>
		<TaxCredits>3300.00</TaxCredits>
		<TaxRate>
			<Index>1</Index>
			<RateCutOff>34550.00</RateCutOff>
		</TaxRate>
		<IncomeTaxCalculationBasis>Cumulative</IncomeTaxCalculationBasis>
		<ExclusionOrder>false</ExclusionOrder>
		<PayDate>2018-01-18</PayDate>
		<GrossPay>2000.00</GrossPay>
		<PayForIncomeTax>200.00</PayForIncomeTax>
		<IncomeTaxPaid>100.00</IncomeTaxPaid>
		<PayForEmployeePRSI>200.00</PayForEmployeePRSI>
		<PayForEmployerPRSI>200.00</PayForEmployerPRSI>
		<PRSIExempt>false</PRSIExempt>
		<PRSIClassDetail>
			<PRSIClass>A1</PRSIClass>
			<InsurableWeeks>0</InsurableWeeks>
		</PRSIClassDetail>
		<EmployeePRSIPaid>150.00</EmployeePRSIPaid>
		<EmployerPRSIPaid>150.00</EmployerPRSIPaid>
		<PayForUSC>2000.00</PayForUSC>
		<USCStatus>Exempt</USCStatus>
		<USCPaid>200.00</USCPaid>
		<LPTDeducted>0.00</LPTDeducted>
		<GrossMedicalInsurance>0.00</GrossMedicalInsurance>
		<ShareBasedRemuneration>0.00</ShareBasedRemuneration>
		<TaxableBenefits>0.00</TaxableBenefits>
		<TaxableLumpSum>0.00</TaxableLumpSum>
		<NonTaxableLumpSum>0.00</NonTaxableLumpSum>
		<PensionTracingNumber>PB123456</PensionTracingNumber>
		<EmployerRBS>0.00</EmployerRBS>
		<EmployeeRBS>0.00</EmployeeRBS>
		<EmployerPRSA>0.00</EmployerPRSA>
		<EmployeePRSA>0.00</EmployeePRSA>
		<EmployeeRAC>0.00</EmployeeRAC>
		<EmployeeAVC>0.00</EmployeeAVC>
	</Payslip>
</PayrollSubmissionRequest>

