{
    "status": "PROCESSED",
    "taxOnIncome": 189,
    "prsi": -40,
    "usc": 240,
    "lpt": 100,
    "submissions": [
        {
            "submissionID": "Submission_00001",
            "status": "COMPLETED",
            "submissionSummary": {
                "taxOnIncome": 189,
                "prsi": -40,
                "usc": 240,
                "lpt": 100,
                "payslipCount": 1,
                "payslipToDeleteCount": 0
            }
        }
    ],
    "payslipSummaries": [
        {
            "lineItemID": "LineItem-XYZ",
            "employeeID": {
                "employeePpsn": "01074096Q",
                "employmentID": "1"
            },
            "taxOnIncome": 189,
            "prsi": -40,
            "usc": 240,
            "lpt": 100
        }
    ]
}