<?xml version="1.0" encoding="UTF-8"?>
<!--Document History:
======== Version 0.10 ====================================
i. Document Created 07/09/2017
======== Version 1.0 Milestone 1 ====================================
iii. Document updated on 17/11/2017: 
		Renamed the element: "PPSN" to "EmployeePPSN"
======== Version 1.0 Release Candidate 2 ===========
v. Document updated on 24/05/2018
	 Updated ENUM Values to reflect schematic changes
-->
<pay:CheckPayrollRunResponse xmlns:pay="http://www.ros.ie/schemas/paye-employers/v1/payroll/" xmlns="http://www.ros.ie/schemas/paye-employers/v1/payroll/" xmlns:xsi="http://www.w3.org/2001/XMLSchema-instance" xsi:schemaLocation="http://www.ros.ie/schemas/paye-employers/v1/payroll/payroll-schema.xsd">
	<pay:Status>PROCESSED</pay:Status>
	<pay:TaxOnIncome>8537.70</pay:TaxOnIncome>
	<pay:PRSI>9825.12</pay:PRSI>
	<pay:USC>2131.14</pay:USC>
	<pay:LPT>80</pay:LPT>
	<pay:Submission>
		<pay:SubmissionID>03</pay:SubmissionID>
		<pay:Status>COMPLETED</pay:Status>
		<pay:SubmissionSummary>
			<pay:TaxOnIncome>8004.48</pay:TaxOnIncome>
			<pay:PRSI>9210.55</pay:PRSI>
			<pay:USC>1998.94</pay:USC>
			<pay:LPT>80</pay:LPT>
			<pay:PayslipCount>3</pay:PayslipCount>
			<pay:PayslipToDeleteCount>0</pay:PayslipToDeleteCount>
		</pay:SubmissionSummary>
	</pay:Submission>
	<pay:Submission>
		<pay:SubmissionID>04</pay:SubmissionID>
		<pay:Status>COMPLETED</pay:Status>
		<pay:SubmissionSummary>
			<pay:TaxOnIncome>533.22</pay:TaxOnIncome>
			<pay:PRSI>614.57</pay:PRSI>
			<pay:USC>133.20</pay:USC>
			<pay:LPT>0</pay:LPT>
			<pay:PayslipCount>2</pay:PayslipCount>
			<pay:PayslipToDeleteCount>0</pay:PayslipToDeleteCount>
		</pay:SubmissionSummary>
	</pay:Submission>
	<pay:PayslipSummary>
		<pay:LineItemID>E5-V1</pay:LineItemID>
		<pay:EmployeeID>
			<pay:EmployeePPSN>1112215f</pay:EmployeePPSN>
			<pay:EmploymentID>01</pay:EmploymentID>
		</pay:EmployeeID>
		<pay:TaxOnIncome>300</pay:TaxOnIncome>
		<pay:PRSI>333.33</pay:PRSI>
		<pay:USC>100</pay:USC>
		<pay:LPT>80</pay:LPT>
	</pay:PayslipSummary>
	<pay:PayslipSummary>
		<pay:LineItemID>E9-v3</pay:LineItemID>
		<pay:EmployeeID>
			<pay:EmployeePPSN>1175228T</pay:EmployeePPSN>
			<pay:EmploymentID>3</pay:EmploymentID>
		</pay:EmployeeID>
		<pay:TaxOnIncome>300</pay:TaxOnIncome>
		<pay:PRSI>333.33</pay:PRSI>
		<pay:USC>100</pay:USC>
		<pay:LPT>0</pay:LPT>
	</pay:PayslipSummary>
	<pay:PayslipSummary>
		<pay:LineItemID>E21-v2</pay:LineItemID>
		<pay:EmployeeID>
			<pay:EmployeePPSN>2548936K</pay:EmployeePPSN>
			<pay:EmploymentID>2</pay:EmploymentID>
		</pay:EmployeeID>
		<pay:TaxOnIncome>300</pay:TaxOnIncome>
		<pay:PRSI>333.33</pay:PRSI>
		<pay:USC>100</pay:USC>
		<pay:LPT>0</pay:LPT>
	</pay:PayslipSummary>
	<pay:PayslipSummary>
		<pay:LineItemID>E12-V1</pay:LineItemID>
		<pay:EmployeeID>
			<pay:EmployeePPSN>7425001H</pay:EmployeePPSN>
			<pay:EmploymentID>1</pay:EmploymentID>
		</pay:EmployeeID>
		<pay:TaxOnIncome>250</pay:TaxOnIncome>
		<pay:PRSI>300</pay:PRSI>
		<pay:USC>50</pay:USC>
		<pay:LPT>0</pay:LPT>
	</pay:PayslipSummary>
	<pay:PayslipSummary>
		<pay:LineItemID>E22-V1</pay:LineItemID>
		<pay:EmployeeID>
			<pay:EmployeePPSN>0852473A</pay:EmployeePPSN>
			<pay:EmploymentID>3</pay:EmploymentID>
		</pay:EmployeeID>
		<pay:TaxOnIncome>250</pay:TaxOnIncome>
		<pay:PRSI>300</pay:PRSI>
		<pay:USC>50</pay:USC>
		<pay:LPT>0</pay:LPT>
	</pay:PayslipSummary>
</pay:CheckPayrollRunResponse>
