{
	"payslips": [{
		"lineItemID": "LineItem-XYZ_1",
		"employeeID": {
			"employeePpsn": "01070390T",
			"employmentID": "1"
		},
		"name": {
			"firstName": "Sara",
			"familyName": "Tester"
		},
		"leaveDate": "2017-12-11",
		"shadowPayroll": false,
		"payFrequency": "WEEKLY",
		"numberOfPayPeriods": 52,
		"rpnNumber": "3",
		"exclusionOrder": false,
		"payDate": "2018-01-12",
		"grossPay": 0.00,
		"payForIncomeTax": 0.00,
		"incomeTaxPaid": 0.00,
		"payForEmployeePRSI": 0.00,
		"payForEmployerPRSI": 0.00,
		"prsiExempt": false,
		"prsiClassDetails": [{
			"prsiClass": "A1",
			"insurableWeeks": 0
		}],
		"employeePRSIPaid": 0.00,
		"employerPRSIPaid": 0.00,
		"payForUSC": 0.00,
		"uscStatus": "EXEMPT",
		"uscPaid": 0.00,
		"lptDeducted": 0.00,
		"grossMedicalInsurance": 0.00,
		"shareBasedRemuneration": 0.00,
		"taxableBenefits": 0.00,
		"taxableLumpSum": 0.00,
		"nonTaxableLumpSum": 0.00,
		"pensionTracingNumbers": [],
		"employerRBS": 0.00,
		"employeeRBS": 0.00,
		"employerPRSA": 0.00,
		"employeePRSA": 0.00,
		"employeeRAC": 0.00,
		"employeeAVC": 0.00
	},
	{
		"lineItemID": "LineItem-XYZ_2",
		"employeeID": {
			"employeePpsn": "1063596C",
			"employmentID": "1"
		},
		"name": {
			"firstName": "Test",
			"familyName": "Tester"
		},
		"leaveDate": "2017-12-11",
		"shadowPayroll": false,
		"payFrequency": "WEEKLY",
		"numberOfPayPeriods": 52,
		"rpnNumber": "3",
		"exclusionOrder": false,
		"payDate": "2018-01-12",
		"grossPay": 0.00,
		"payForIncomeTax": 0.00,
		"incomeTaxPaid": 0.00,
		"payForEmployeePRSI": 0.00,
		"payForEmployerPRSI": 0.00,
		"prsiExempt": false,
		"prsiClassDetails": [{
			"prsiClass": "A1",
			"insurableWeeks": 45
		}],
		"employeePRSIPaid": 0.00,
		"employerPRSIPaid": 0.00,
		"payForUSC": 0.00,
		"uscStatus": "EXEMPT",
		"uscPaid": 0.00,
		"lptDeducted": 0.00,
		"grossMedicalInsurance": 0.00,
		"shareBasedRemuneration": 0.00,
		"taxableBenefits": 0.00,
		"taxableLumpSum": 0.00,
		"nonTaxableLumpSum": 0.00,
		"pensionTracingNumbers": [],
		"employerRBS": 0.00,
		"employeeRBS": 0.00,
		"employerPRSA": 0.00,
		"employeePRSA": 0.00,
		"employeeRAC": 0.00,
		"employeeAVC": 0.00
	}],
	"lineItemIDsToDelete": []
}