{
	"payslips": [{
		"lineItemID": "E1-v1",
		"employeeID": {
			"employeePpsn": "00000008P",
			"employmentID": "1"
		},
		"name": {
			"firstName": "Ann",
			"familyName": "Doe"
		},
		"payFrequency": "WEEKLY",
		"rpnNumber": "5",
		"taxCredits": 63.46,
		"taxRates": [{
			"index": 1,
			"rateCutOff": 650
		}],
		"incomeTaxCalculatonBasis": "CUMULATIVE",
		"payDate": "01/02/2019",
		"grossPay": 307.50,
		"payForIncomeTax": 307.50,
		"incomeTaxPaid": 0,
		"payForEmployeePRSI": 307.50,
		"payForEmployerPRSI": 307.50,
		"prsiExempt": false,
		"prsiClassDetails": [{
			"prsiClass": "A0",
			"insurableWeeks": 5
		}],
		"employeePRSIPaid": 0,
		"employerPRSIPaid": 33.06,
		"payForUSC": 307.50,
		"uscStatus": "ORDINARY",
		"uscPaid": 3.07,
		"lptDeducted": 3.67
	}]
}