{
  "payslips": [
    {
      "lineItemID": "LineItem-XYZ-00001",
      "employeeID": {	
        "employeePpsn": "01074096Q",
        "employmentID": "1"
      },
      "name": {
        "firstName": "Sara",
        "familyName": "Tester"
      },
      "leaveDate": "2017-12-31",
      "shadowPayroll": false,
      "payFrequency": "WEEKLY",
      "numberOfPayPeriods": 52,
      "rpnNumber": "3",
      "exclusionOrder": false,
      "payDate": "2018-01-29",
      "grossPay": 3000.00,
      "payForIncomeTax": 3000.00,
      "incomeTaxPaid": 400.00,
      "payForEmployeePRSI": 3000.00,
      "payForEmployerPRSI": 3000.00,
      "prsiExempt": false,
      "prsiClassDetails": [
        {
          "prsiClass": "A1",
          "insurableWeeks": 1
        },
        {
          "prsiClass": "M",
          "insurableWeeks": 1
        }
      ],
      "employeePRSIPaid": 240.00,
      "employerPRSIPaid": 240.00,
      "payForUSC": 3000.00,
      "uscStatus": "ORDINARY",
      "uscPaid": 240.00,
      "lptDeducted": 0.00,
      "grossMedicalInsurance": 0.00,
      "shareBasedRemuneration": 0.00,
      "taxableBenefits": 0.00,
      "taxableLumpSum": 10000.00,
      "nonTaxableLumpSum": 0.00,
      "pensionTracingNumbers": [
        {
          "pensionTracingNumber": "PB123456"
        }
      ],
      "employerRBS": 0.00,
      "employeeRBS": 0.00,
      "employerPRSA": 0.00,
      "employeePRSA": 0.00,
      "employeeRAC": 0.00,
      "employeeAVC": 0.00
    }
  ],
  "lineItemIDsToDelete": []
}