{
    "status": "PROCESSED",
    "taxOnIncome": 4401.3,
    "prsi": 920.88,
    "usc": 480,
    "lpt": 110,
    "submissions": [
        {
            "submissionID": "Submission_00001",
            "status": "COMPLETED",
            "submissionSummary": {
                "taxOnIncome": 4401.3,
                "prsi": 920.88,
                "usc": 480,
                "lpt": 110,
                "payslipCount": 2,
                "payslipToDeleteCount": 0
            }
        }
    ],
    "payslipSummaries": [
        {
            "lineItemID": "LineItem-XYZ-1",
            "employeeID": {
                "employeePpsn": "01074096Q",
                "employmentID": "1"
            },
            "taxOnIncome": 400.65,
            "prsi": 440.44,
            "usc": 240,
            "lpt": 10
        },
        {
            "lineItemID": "LineItem-XYZ-2",
            "employeeID": {
                "employeePpsn": "01074096Q",
                "employmentID": "1"
            },
            "taxOnIncome": 4000.65,
            "prsi": 480.44,
            "usc": 240,
            "lpt": 100
        }
    ]
}