<?xml version="1.0" encoding="UTF-8"?>
<!--Document History:
======== Version 0.9 ====================================
i. Document Created 30/06/2017
======== Version 0.10 ====================================
ii. Document updated on 07/09/2017: 
		Renamed the element: “Class" (type="pc:prsiClass") to “PRSIClass”
		Revenue Payroll Instruction changed to Revenue Payroll Notification and RPI changed to RPN
======== Version 1.0 Milestone 1 ====================================
iii. Document updated on 17/11/2017: 
		Renamed the element: "RunReference" to "PayrollRunReference"
		Renamed the element: "PPSN" to "EmployeePPSN"
		Renamed the element: “calculationBasis" to "IncomeTaxCalculatonBasis"	
		Removed the element: "SubmissionType" 			
-->

<pay:PayrollSubmissionRequest xmlns:pay="http://www.ros.ie/schemas/paye-employers/v1/payroll/" xmlns="http://www.ros.ie/schemas/paye-employers/v1/payroll/" xmlns:xsi="http://www.w3.org/2001/XMLSchema-instance" xsi:schemaLocation="http://www.ros.ie/schemas/paye-employers/v1/payroll/payroll-schema.xsd">
	<pay:SubmissionID>05</pay:SubmissionID>
	<pay:Header>
		<pay:EmployerRegistrationNumber>0202020G</pay:EmployerRegistrationNumber>
		<pay:PayrollRunReference>Site3Week1</pay:PayrollRunReference>
		<pay:TaxYear>2019</pay:TaxYear>
		<pay:SoftwareUsed>
			<pay:Name>The Software</pay:Name>
			<pay:Version>Version 10.0</pay:Version>
		</pay:SoftwareUsed>
	</pay:Header>
	<pay:Payslip>
		<pay:LineItemID>E3-v1</pay:LineItemID>
		<pay:EmployeeID>
			<pay:EmployeePPSN>00000012G</pay:EmployeePPSN>
			<pay:EmploymentID>1</pay:EmploymentID>
		</pay:EmployeeID>
		<pay:Name>
			<pay:FirstName>Patrick</pay:FirstName>
			<pay:FamilyName>Blogs</pay:FamilyName>
		</pay:Name>
		<pay:PayFrequency>Weekly</pay:PayFrequency>
		<pay:RPNNumber>1</pay:RPNNumber>
		<pay:TaxCredits>63.46</pay:TaxCredits>
		<pay:TaxRate>
			<pay:Index>1</pay:Index>
			<pay:RateCutOff>650</pay:RateCutOff>
		</pay:TaxRate>
		<pay:IncomeTaxCalculationBasis>Cumulative</pay:IncomeTaxCalculationBasis>
		<pay:PayDate>11/01/2019</pay:PayDate>
		<pay:GrossPay>5000</pay:GrossPay>
		<pay:PayForIncomeTax>5000</pay:PayForIncomeTax>
		<pay:IncomeTaxPaid>1806.54</pay:IncomeTaxPaid>
		<pay:PayForEmployeePRSI>5000</pay:PayForEmployeePRSI>
		<pay:PayForEmployerPRSI>5000</pay:PayForEmployerPRSI>
		<pay:PRSIExempt>false</pay:PRSIExempt>
		<pay:PRSIClassDetail>
			<pay:PRSIClass>A1</pay:PRSIClass>
			<pay:InsurableWeeks>1</pay:InsurableWeeks>
		</pay:PRSIClassDetail>
		<pay:EmployeePRSIPaid>200.00</pay:EmployeePRSIPaid>
		<pay:EmployerPRSIPaid>537.50</pay:EmployerPRSIPaid>
		<pay:PayForUSC>500</pay:PayForUSC>
		<pay:USCStatus>Ordinary</pay:USCStatus>
		<pay:USCPaid>345.95</pay:USCPaid>
	</pay:Payslip>
</pay:PayrollSubmissionRequest>
