<?xml version="1.0" encoding="UTF-8" standalone="yes"?>
<PayrollSubmissionRequest xmlns="http://www.ros.ie/schemas/paye-employers/v1/payroll/">
	<SubmissionID>Submission-18</SubmissionID>
	<BatchReference>
		<Index>1</Index>
		<Count>1</Count>
	</BatchReference>
	<Header>
		<EmployerRegistrationNumber>8000074DH</EmployerRegistrationNumber>
		<PayrollRunReference>Payroll-Run-Reference-18</PayrollRunReference>
		<TaxYear>2018</TaxYear>
		<SoftwareUsed>
			<Name>SOAP UI</Name>
			<Version>5.4.0</Version>
		</SoftwareUsed>
	</Header>
	<Payslip>
		<LineItemID>LineItem-XYZ-18</LineItemID>
		<EmployeeID>
			<EmployeePPSN>01234567T</EmployeePPSN>
			<EmploymentID>1</EmploymentID>
		</EmployeeID>
		<Name>
			<FirstName>Sara</FirstName>
			<FamilyName>Tester</FamilyName>
		</Name>
		<LeaveDate>2018-03-15</LeaveDate>
		<ShadowPayroll>false</ShadowPayroll>
		<PayFrequency>MONTHLY</PayFrequency>
		<NumberOfPayPeriods>13</NumberOfPayPeriods>
		<RPNNumber>3</RPNNumber>
		<ExclusionOrder>false</ExclusionOrder>
		<PayDate>2018-04-15</PayDate>
		<GrossPay>-1000.00</GrossPay>
		<PayForIncomeTax>-1000.00</PayForIncomeTax>
		<IncomeTaxPaid>-250.00</IncomeTaxPaid>
		<PayForEmployeePRSI>-1000.00</PayForEmployeePRSI>
		<PayForEmployerPRSI>-1000.00</PayForEmployerPRSI>
		<PRSIExempt>false</PRSIExempt>
		<PRSIClassDetail>
			<PRSIClass>A1</PRSIClass>
			<InsurableWeeks>-4</InsurableWeeks>
		</PRSIClassDetail>
		<EmployeePRSIPaid>-160.00</EmployeePRSIPaid>
		<EmployerPRSIPaid>-160.00</EmployerPRSIPaid>
		<PayForUSC>-1000.00</PayForUSC>
		<USCStatus>Ordinary</USCStatus>
		<USCPaid>-160.00</USCPaid>
		<LPTDeducted>0.00</LPTDeducted>
		<GrossMedicalInsurance>0.00</GrossMedicalInsurance>
		<ShareBasedRemuneration>0.00</ShareBasedRemuneration>
		<TaxableBenefits>0.00</TaxableBenefits>
		<TaxableLumpSum>0.00</TaxableLumpSum>
		<NonTaxableLumpSum>0.00</NonTaxableLumpSum>
		<EmployerRBS>0.00</EmployerRBS>
		<EmployeeRBS>0.00</EmployeeRBS>
		<EmployerPRSA>0.00</EmployerPRSA>
		<EmployeePRSA>0.00</EmployeePRSA>
		<EmployeeRAC>0.00</EmployeeRAC>
		<EmployeeAVC>0.00</EmployeeAVC>
	</Payslip>
</PayrollSubmissionRequest>