<?xml version="1.0" encoding="UTF-8"?>
<!--Document History:
======== Version 0.10 ====================================
i. Document Created 07/09/2017
======== Version 1.0 Milestone 1 ====================================
ii. Document updated on 17/11/2017: 
		Renamed the element: "RunReference" to "PayrollRunReference"
		Removed the element: "SubmissionType"
======== Version 1.0 Release Candidate 2 ===========
v. Document updated on 17/05/2018
	 Updated ENUM Values to reflect schematic changes
-->

<pay:CheckPayrollSubmissionResponse xmlns:pay="http://www.ros.ie/schemas/paye-employers/v1/payroll/" xmlns="http://www.ros.ie/schemas/paye-employers/v1/payroll/" xmlns:xsi="http://www.w3.org/2001/XMLSchema-instance" xsi:schemaLocation="http://www.ros.ie/schemas/paye-employers/v1/payroll/payroll-schema.xsd">
	<pay:SubmissionID>08</pay:SubmissionID>
	<pay:Status>PENDING</pay:Status>
	<pay:BatchCount>3</pay:BatchCount>
	<pay:BatchStatus>
		<pay:Index>1</pay:Index>
		<pay:Status>COMPLETED</pay:Status>
	</pay:BatchStatus>
	<pay:BatchStatus>
		<pay:Index>2</pay:Index>
		<pay:Status>PENDING</pay:Status>
	</pay:BatchStatus>
	<pay:BatchStatus>
		<pay:Index>3</pay:Index>
		<pay:Status>PENDING</pay:Status>
	</pay:BatchStatus>
	<pay:SubmissionHeader>
		<pay:EmployerRegistrationNumber>1112215f</pay:EmployerRegistrationNumber>
		<pay:PayrollRunReference>0000008</pay:PayrollRunReference>
		<pay:TaxYear>2019</pay:TaxYear>
		<pay:SoftwareUsed>
			<pay:Name>The Software</pay:Name>
			<pay:Version>Version10.0</pay:Version>
		</pay:SoftwareUsed>
	</pay:SubmissionHeader>
</pay:CheckPayrollSubmissionResponse>
