<?xml version="1.0" encoding="UTF-8"?>
<!--Document History:
======== Version 0.9 ====================================
i. Document Created 30/06/2017
======== Version 0.10 ====================================
======== Version 1.0 Milestone 1 ====================================
iii. Document updated on 17/11/2017: 
		Renamed the element: "RunReference" to "PayrollRunReference"
		Renamed the element: "PPSN" to "EmployeePPSN"
		Renamed the element: “calculationBasis" to "IncomeTaxCalculatonBasis"
		Removed the element: "SubmissionType"
======== Version 1.0 Milestone 2 ====================================
iv. Document updated on 09/02/2018:
		Dates re-formatted
======== Version 1.0 Release Candidate 2 ===========
v. Document updated on 24/05/2018
	 Updated ENUM Values to reflect schematic changes
-->

<pay:PayrollSubmissionRequest xmlns:pay="http://www.ros.ie/schemas/paye-employers/v1/payroll/" xmlns="http://www.ros.ie/schemas/paye-employers/v1/payroll/" xmlns:xsi="http://www.w3.org/2001/XMLSchema-instance" xsi:schemaLocation="http://www.ros.ie/schemas/paye-employers/v1/payroll/payroll-schema.xsd">
	<pay:SubmissionID>02</pay:SubmissionID>
	<pay:Header>
		<pay:EmployerRegistrationNumber>0202020G</pay:EmployerRegistrationNumber>
		<pay:PayrollRunReference>Site1Week2</pay:PayrollRunReference>
		<pay:TaxYear>2019</pay:TaxYear>
		<pay:SoftwareUsed>
			<pay:Name>The Software</pay:Name>
			<pay:Version>Version 10.0</pay:Version>
		</pay:SoftwareUsed>
	</pay:Header>
	<pay:Payslip>
		<pay:LineItemID>E1-v2</pay:LineItemID>
		<pay:EmployeeID>
			<pay:EmployeePPSN>00000007N</pay:EmployeePPSN>
			<pay:EmploymentID>1</pay:EmploymentID>
		</pay:EmployeeID>
		<pay:Name>
			<pay:FirstName>John</pay:FirstName>
			<pay:FamilyName>Blogs</pay:FamilyName>
		</pay:Name>
		<pay:PayFrequency>WEEKLY</pay:PayFrequency>
		<pay:RPNNumber>2</pay:RPNNumber>
		<pay:TaxCredits>63.46</pay:TaxCredits>
		<pay:TaxRate>
			<pay:Index>1</pay:Index>
			<pay:RateCutOff>650</pay:RateCutOff>
		</pay:TaxRate>
		<pay:IncomeTaxCalculationBasis>CUMULATIVE</pay:IncomeTaxCalculationBasis>
		<pay:PayDate>2019-01-18</pay:PayDate>
		<pay:GrossPay>400</pay:GrossPay>
		<pay:PayForIncomeTax>400</pay:PayForIncomeTax>
		<pay:IncomeTaxPaid>16.54</pay:IncomeTaxPaid>
		<pay:PayForEmployeePRSI>400</pay:PayForEmployeePRSI>
		<pay:PayForEmployerPRSI>400</pay:PayForEmployerPRSI>
		<pay:PRSIEXEMPT>false</pay:PRSIEXEMPT>
		<pay:PRSIClassDetail>
			<pay:PRSIClass>A1</pay:PRSIClass>
			<pay:InsurableWeeks>1</pay:InsurableWeeks>
		</pay:PRSIClassDetail>
		<pay:EmployeePRSIPaid>16</pay:EmployeePRSIPaid>
		<pay:EmployerPRSIPaid>43.00</pay:EmployerPRSIPaid>
		<pay:PayForUSC>400</pay:PayForUSC>
		<pay:USCStatus>ORDINARY</pay:USCStatus>
		<pay:USCPaid>11.36</pay:USCPaid>
		<pay:LPTDeducted>12.33</pay:LPTDeducted>
	</pay:Payslip>
</pay:PayrollSubmissionRequest>
