<?xml version="1.0" encoding="UTF-8"?>
<!--Document History:
======== Version 0.9 ====================================
i. Document Created 30/06/2017
======== Version 0.10 ====================================
ii. Document updated on 04/09/2017: 
		"PayslipSummary" details added to the example
======== Version 1.0 Milestone 1 ====================================
iii. Document updated on 17/11/2017: 
		Renamed the element: "PPSN" to "EmployeePPSN"
-->
<pay:CheckPayrollRunResponse xmlns:pay="http://www.ros.ie/schemas/paye-employers/v1/payroll/" xmlns="http://www.ros.ie/schemas/paye-employers/v1/payroll/" xmlns:xsi="http://www.w3.org/2001/XMLSchema-instance" xsi:schemaLocation="http://www.ros.ie/schemas/paye-employers/v1/payroll/payroll-schema.xsd">
	<pay:Status>Processed</pay:Status>
	<pay:TaxOnIncome>700.00</pay:TaxOnIncome>
	<pay:PRSI>500.00</pay:PRSI>
	<pay:USC>250.00</pay:USC>
	<pay:LPT>96.00</pay:LPT>
	<pay:Submission>
		<pay:SubmissionID>01</pay:SubmissionID>
		<pay:Status>Completed</pay:Status>
		<pay:SubmissionSummary>
			<pay:TaxOnIncome>400.00</pay:TaxOnIncome>
			<pay:PRSI>300.00</pay:PRSI>
			<pay:USC>150.00</pay:USC>
			<pay:LPT>48.00</pay:LPT>
			<pay:PayslipCount>3</pay:PayslipCount>
			<pay:PayslipToDeleteCount>0</pay:PayslipToDeleteCount>
		</pay:SubmissionSummary>
	</pay:Submission>
	<pay:Submission>
		<pay:SubmissionID>02</pay:SubmissionID>
		<pay:Status>Completed</pay:Status>
		<pay:SubmissionSummary>
			<pay:TaxOnIncome>300.00</pay:TaxOnIncome>
			<pay:PRSI>200.00</pay:PRSI>
			<pay:USC>100.00</pay:USC>
			<pay:LPT>48.00</pay:LPT>
			<pay:PayslipCount>2</pay:PayslipCount>
			<pay:PayslipToDeleteCount>0</pay:PayslipToDeleteCount>
		</pay:SubmissionSummary>
	</pay:Submission>
	<pay:PayslipSummary>
		<pay:LineItemID>001</pay:LineItemID>
		<pay:EmployeeID>
			<pay:EmployeePPSN>0852473A</pay:EmployeePPSN>
			<pay:EmploymentID>4</pay:EmploymentID>
		</pay:EmployeeID>
		<pay:TaxOnIncome>200</pay:TaxOnIncome>
		<pay:PRSI>100</pay:PRSI>
		<pay:USC>50</pay:USC>
		<pay:LPT>48</pay:LPT>
	</pay:PayslipSummary>
	<pay:PayslipSummary>
		<pay:LineItemID>002</pay:LineItemID>
		<pay:EmployeeID>
			<pay:EmployeePPSN>7425001H</pay:EmployeePPSN>
			<pay:EmploymentID>2</pay:EmploymentID>
		</pay:EmployeeID>
		<pay:TaxOnIncome>100</pay:TaxOnIncome>
		<pay:PRSI>100</pay:PRSI>
		<pay:USC>50</pay:USC>
		<pay:LPT>0</pay:LPT>
	</pay:PayslipSummary>
	<pay:PayslipSummary>
		<pay:LineItemID>003</pay:LineItemID>
		<pay:EmployeeID>
			<pay:EmployeePPSN>2548936K</pay:EmployeePPSN>
			<pay:EmploymentID>1</pay:EmploymentID>
		</pay:EmployeeID>
		<pay:TaxOnIncome>100</pay:TaxOnIncome>
		<pay:PRSI>100</pay:PRSI>
		<pay:USC>50</pay:USC>
		<pay:LPT>0</pay:LPT>
	</pay:PayslipSummary>
	<pay:PayslipSummary>
		<pay:LineItemID>004</pay:LineItemID>
		<pay:EmployeeID>
			<pay:EmployeePPSN>1175228T</pay:EmployeePPSN>
			<pay:EmploymentID>1</pay:EmploymentID>
		</pay:EmployeeID>
		<pay:TaxOnIncome>150</pay:TaxOnIncome>
		<pay:PRSI>100</pay:PRSI>
		<pay:USC>50</pay:USC>
		<pay:LPT>48</pay:LPT>
	</pay:PayslipSummary>
	<pay:PayslipSummary>
		<pay:LineItemID>005</pay:LineItemID>
		<pay:EmployeeID>
			<pay:EmployeePPSN>00000008P</pay:EmployeePPSN>
			<pay:EmploymentID>1</pay:EmploymentID>
		</pay:EmployeeID>
		<pay:TaxOnIncome>150</pay:TaxOnIncome>
		<pay:PRSI>100</pay:PRSI>
		<pay:USC>50</pay:USC>
		<pay:LPT>0</pay:LPT>
	</pay:PayslipSummary>
</pay:CheckPayrollRunResponse>
