<?xml version="1.0" encoding="UTF-8"?>
<!--Document History:
======== Version 0.9 ====================================
i. Document Created 30/06/2017
======== Version 0.10 ====================================
ii. Document updated on 07/09/2017: 
		Revenue Payroll Instruction changed to Revenue Payroll Notification and RPI changed to RPN
======== Version 1.0 Milestone 1 ====================================
iii. Document updated on 17/11/2017: 
		Renamed the element: "PPSN" to "EmployeePPSN"
		Renamed the element: “calculationBasis" to "IncomeTaxCalculatonBasis"
		Renamed the element: "DateLastUpdated" to "RPNIssueDate"	
		Renamed the element: "YearlyUSCCutOff" to "YearlyUSCRateCutOff"	
		Renamed the element: "PayToDate" to "PayForIncomeTaxToDate"	
		Renamed the element: "TaxToDate" to "IncomeTaxDeductedToDate"
		Renamed the element: "USCPaidToDate" to "USCDeductedToDate"	
======== Version 1.0 Milestone 2 ====================================
iv. Document updated on 09/02/2018:
		Date/Time re-formatted
-->
<rat:LookupRPNResponse xmlns:rat="http://www.ros.ie/schemas/paye-employers/v1/rpn/" xmlns="http://www.ros.ie/schemas/paye-employers/v1/rpn/" xmlns:xsi="http://www.w3.org/2001/XMLSchema-instance" xsi:schemaLocation="http://www.ros.ie/schemas/paye-employers/v1/rpn/rpn-schema.xsd">
	<rat:EmployerName>Employer2</rat:EmployerName>
	<rat:EmployerRegistrationNumber>4587256A</rat:EmployerRegistrationNumber>
	<rat:AgentTain>45879C</rat:AgentTain>
	<rat:TaxYear>2019</rat:TaxYear>
	<rat:TotalRPNCount>5</rat:TotalRPNCount>
	<rat:DateTimeEffective>2019-01-30T11:58:02.000+00:00</rat:DateTimeEffective>
	<rat:RPN>
		<rat:RPNNumber>5</rat:RPNNumber>
		<rat:EmployeeID>
			<rat:EmployeePPSN>1175228T</rat:EmployeePPSN>
			<rat:EmploymentID>1</rat:EmploymentID>
		</rat:EmployeeID>
		<rat:RPNIssueDate>2019-01-30</rat:RPNIssueDate>
		<rat:Name>
			<rat:FirstName>Cathal</rat:FirstName>
			<rat:FamilyName>Blogs</rat:FamilyName>
		</rat:Name>
		<rat:EffectiveDate>2019-01-01</rat:EffectiveDate>
		<rat:EndDate>2019-12-31</rat:EndDate>
		<rat:IncomeTaxCalculationBasis>Cumulative</rat:IncomeTaxCalculationBasis>
		<rat:ExclusionOrder>false</rat:ExclusionOrder>
		<rat:YearlyTaxCredits>3300</rat:YearlyTaxCredits>
		<rat:TaxRate>
			<rat:Index>1</rat:Index>
			<rat:TaxRatePercent>20</rat:TaxRatePercent>
			<rat:YearlyRateCutOff>30070.08</rat:YearlyRateCutOff>
		</rat:TaxRate>
		<rat:TaxRate>
			<rat:Index>2</rat:Index>
			<rat:TaxRatePercent>40</rat:TaxRatePercent>
		</rat:TaxRate>
		<rat:PayForIncomeTaxToDate>0</rat:PayForIncomeTaxToDate>
		<rat:IncomeTaxDeductedToDate>0</rat:IncomeTaxDeductedToDate>
		<rat:USCStatus>Ordinary</rat:USCStatus>
		<rat:USCRate>
			<rat:Index>1</rat:Index>
			<rat:USCRatePercent>.5</rat:USCRatePercent>
			<rat:YearlyUSCRateCutOff>12012.00</rat:YearlyUSCRateCutOff>
		</rat:USCRate>
		<rat:USCRate>
			<rat:Index>2</rat:Index>
			<rat:USCRatePercent>2.5</rat:USCRatePercent>
			<rat:YearlyUSCRateCutOff>18772.00</rat:YearlyUSCRateCutOff>
		</rat:USCRate>
		<rat:USCRate>
			<rat:Index>3</rat:Index>
			<rat:USCRatePercent>5</rat:USCRatePercent>
			<rat:YearlyUSCRateCutOff>31004.08</rat:YearlyUSCRateCutOff>
		</rat:USCRate>
		<rat:USCRate>
			<rat:Index>4</rat:Index>
			<rat:USCRatePercent>8</rat:USCRatePercent>
		</rat:USCRate>
		<rat:PayForUSCToDate>0</rat:PayForUSCToDate>
		<rat:USCDeductedToDate>0</rat:USCDeductedToDate>
		<rat:PRSIExempt>false</rat:PRSIExempt>
	</rat:RPN>
	<rat:RPN>
		<rat:RPNNumber>6</rat:RPNNumber>
		<rat:EmployeeID>
			<rat:EmployeePPSN>1175228T</rat:EmployeePPSN>
			<rat:EmploymentID>2</rat:EmploymentID>
		</rat:EmployeeID>
		<rat:RPNIssueDate>2019-01-30</rat:RPNIssueDate>
		<rat:Name>
			<rat:FirstName>Cathal</rat:FirstName>
			<rat:FamilyName>Blogs</rat:FamilyName>
		</rat:Name>
		<rat:EffectiveDate>2019-01-01</rat:EffectiveDate>
		<rat:EndDate>2019-12-31</rat:EndDate>
		<rat:IncomeTaxCalculationBasis>Cumulative</rat:IncomeTaxCalculationBasis>
		<rat:ExclusionOrder>false</rat:ExclusionOrder>
		<rat:YearlyTaxCredits>0</rat:YearlyTaxCredits>
		<rat:TaxRate>
			<rat:Index>1</rat:Index>
			<rat:TaxRatePercent>20</rat:TaxRatePercent>
			<rat:YearlyRateCutOff>3729.92</rat:YearlyRateCutOff>
		</rat:TaxRate>
		<rat:TaxRate>
			<rat:Index>2</rat:Index>
			<rat:TaxRatePercent>40</rat:TaxRatePercent>
		</rat:TaxRate>
		<rat:PayForIncomeTaxToDate>0</rat:PayForIncomeTaxToDate>
		<rat:IncomeTaxDeductedToDate>0</rat:IncomeTaxDeductedToDate>
		<rat:USCStatus>Ordinary</rat:USCStatus>
		<rat:USCRate>
			<rat:Index>3</rat:Index>
			<rat:USCRatePercent>5</rat:USCRatePercent>
			<rat:YearlyUSCRateCutOff>39037.84</rat:YearlyUSCRateCutOff>
		</rat:USCRate>
		<rat:USCRate>
			<rat:Index>4</rat:Index>
			<rat:USCRatePercent>8</rat:USCRatePercent>
		</rat:USCRate>
		<rat:PayForUSCToDate>0</rat:PayForUSCToDate>
		<rat:USCDeductedToDate>0</rat:USCDeductedToDate>
		<rat:PRSIExempt>false</rat:PRSIExempt>
	</rat:RPN>
	<rat:RPN>
		<rat:RPNNumber>1</rat:RPNNumber>
		<rat:EmployeeID>
			<rat:EmployeePPSN>2548936K</rat:EmployeePPSN>
			<rat:EmploymentID>1</rat:EmploymentID>
		</rat:EmployeeID>
		<rat:RPNIssueDate>2019-01-30</rat:RPNIssueDate>
		<rat:Name>
			<rat:FirstName>Caitlin</rat:FirstName>
			<rat:FamilyName>Doe</rat:FamilyName>
		</rat:Name>
		<rat:EffectiveDate>2019-01-01</rat:EffectiveDate>
		<rat:EndDate>2019-12-31</rat:EndDate>
		<rat:IncomeTaxCalculationBasis>Cumulative</rat:IncomeTaxCalculationBasis>
		<rat:ExclusionOrder>false</rat:ExclusionOrder>
		<rat:YearlyTaxCredits>3300.00</rat:YearlyTaxCredits>
		<rat:TaxRate>
			<rat:Index>1</rat:Index>
			<rat:TaxRatePercent>20</rat:TaxRatePercent>
			<rat:YearlyRateCutOff>33800.00</rat:YearlyRateCutOff>
		</rat:TaxRate>
		<rat:TaxRate>
			<rat:Index>2</rat:Index>
			<rat:TaxRatePercent>40</rat:TaxRatePercent>
		</rat:TaxRate>
		<rat:PayForIncomeTaxToDate>0.00</rat:PayForIncomeTaxToDate>
		<rat:IncomeTaxDeductedToDate>0.00</rat:IncomeTaxDeductedToDate>
		<rat:USCStatus>Ordinary</rat:USCStatus>
		<rat:USCRate>
			<rat:Index>1</rat:Index>
			<rat:USCRatePercent>.5</rat:USCRatePercent>
			<rat:YearlyUSCRateCutOff>12012.00</rat:YearlyUSCRateCutOff>
		</rat:USCRate>
		<rat:USCRate>
			<rat:Index>2</rat:Index>
			<rat:USCRatePercent>2.5</rat:USCRatePercent>
			<rat:YearlyUSCRateCutOff>18772.00</rat:YearlyUSCRateCutOff>
		</rat:USCRate>
		<rat:USCRate>
			<rat:Index>3</rat:Index>
			<rat:USCRatePercent>5</rat:USCRatePercent>
			<rat:YearlyUSCRateCutOff>70044.00</rat:YearlyUSCRateCutOff>
		</rat:USCRate>
		<rat:USCRate>
			<rat:Index>4</rat:Index>
			<rat:USCRatePercent>8</rat:USCRatePercent>
		</rat:USCRate>
		<rat:PayForUSCToDate>0.00</rat:PayForUSCToDate>
		<rat:USCDeductedToDate>0.00</rat:USCDeductedToDate>
		<rat:PRSIExempt>false</rat:PRSIExempt>
	</rat:RPN>
	<rat:RPN>
		<rat:RPNNumber>2</rat:RPNNumber>
		<rat:EmployeeID>
			<rat:EmployeePPSN>7425001H</rat:EmployeePPSN>
			<rat:EmploymentID>1</rat:EmploymentID>
		</rat:EmployeeID>
		<rat:RPNIssueDate>2019-01-30</rat:RPNIssueDate>
		<rat:Name>
			<rat:FirstName>Brian</rat:FirstName>
			<rat:FamilyName>Blogs</rat:FamilyName>
		</rat:Name>
		<rat:EffectiveDate>2019-01-01</rat:EffectiveDate>
		<rat:EndDate>2019-12-31</rat:EndDate>
		<rat:IncomeTaxCalculationBasis>Cumulative</rat:IncomeTaxCalculationBasis>
		<rat:ExclusionOrder>false</rat:ExclusionOrder>
		<rat:YearlyTaxCredits>3300.00</rat:YearlyTaxCredits>
		<rat:TaxRate>
			<rat:Index>1</rat:Index>
			<rat:TaxRatePercent>20</rat:TaxRatePercent>
			<rat:YearlyRateCutOff>33800.00</rat:YearlyRateCutOff>
		</rat:TaxRate>
		<rat:TaxRate>
			<rat:Index>2</rat:Index>
			<rat:TaxRatePercent>40</rat:TaxRatePercent>
		</rat:TaxRate>
		<rat:PayForIncomeTaxToDate>2583</rat:PayForIncomeTaxToDate>
		<rat:IncomeTaxDeductedToDate>241.6</rat:IncomeTaxDeductedToDate>
		<rat:USCStatus>Ordinary</rat:USCStatus>
		<rat:USCRate>
			<rat:Index>1</rat:Index>
			<rat:USCRatePercent>.5</rat:USCRatePercent>
			<rat:YearlyUSCRateCutOff>12012.00</rat:YearlyUSCRateCutOff>
		</rat:USCRate>
		<rat:USCRate>
			<rat:Index>2</rat:Index>
			<rat:USCRatePercent>2.5</rat:USCRatePercent>
			<rat:YearlyUSCRateCutOff>18772.00</rat:YearlyUSCRateCutOff>
		</rat:USCRate>
		<rat:USCRate>
			<rat:Index>3</rat:Index>
			<rat:USCRatePercent>5</rat:USCRatePercent>
			<rat:YearlyUSCRateCutOff>70044.00</rat:YearlyUSCRateCutOff>
		</rat:USCRate>
		<rat:USCRate>
			<rat:Index>4</rat:Index>
			<rat:USCRatePercent>8</rat:USCRatePercent>
		</rat:USCRate>
		<rat:PayForUSCToDate>2583</rat:PayForUSCToDate>
		<rat:USCDeductedToDate>74.58</rat:USCDeductedToDate>
		<rat:PRSIExempt>false</rat:PRSIExempt>
	</rat:RPN>
	<rat:RPN>
		<rat:RPNNumber>5</rat:RPNNumber>
		<rat:EmployeeID>
			<rat:EmployeePPSN>0852473A</rat:EmployeePPSN>
			<rat:EmploymentID>1</rat:EmploymentID>
		</rat:EmployeeID>
		<rat:RPNIssueDate>2019-01-30</rat:RPNIssueDate>
		<rat:Name>
			<rat:FirstName>Seán</rat:FirstName>
			<rat:FamilyName>Blogs</rat:FamilyName>
		</rat:Name>
		<rat:EffectiveDate>2019-01-01</rat:EffectiveDate>
		<rat:EndDate>2019-12-31</rat:EndDate>
		<rat:IncomeTaxCalculationBasis>Cumulative</rat:IncomeTaxCalculationBasis>
		<rat:ExclusionOrder>false</rat:ExclusionOrder>
		<rat:YearlyTaxCredits>4950.00</rat:YearlyTaxCredits>
		<rat:TaxRate>
			<rat:Index>1</rat:Index>
			<rat:TaxRatePercent>20</rat:TaxRatePercent>
			<rat:YearlyRateCutOff>42800</rat:YearlyRateCutOff>
		</rat:TaxRate>
		<rat:TaxRate>
			<rat:Index>2</rat:Index>
			<rat:TaxRatePercent>40</rat:TaxRatePercent>
		</rat:TaxRate>
		<rat:PayForIncomeTaxToDate>0</rat:PayForIncomeTaxToDate>
		<rat:IncomeTaxDeductedToDate>0</rat:IncomeTaxDeductedToDate>
		<rat:USCStatus>Ordinary</rat:USCStatus>
		<rat:USCRate>
			<rat:Index>1</rat:Index>
			<rat:USCRatePercent>.5</rat:USCRatePercent>
			<rat:YearlyUSCRateCutOff>12012.00</rat:YearlyUSCRateCutOff>
		</rat:USCRate>
		<rat:USCRate>
			<rat:Index>2</rat:Index>
			<rat:USCRatePercent>2.5</rat:USCRatePercent>
			<rat:YearlyUSCRateCutOff>18772.00</rat:YearlyUSCRateCutOff>
		</rat:USCRate>
		<rat:USCRate>
			<rat:Index>3</rat:Index>
			<rat:USCRatePercent>5</rat:USCRatePercent>
			<rat:YearlyUSCRateCutOff>70044</rat:YearlyUSCRateCutOff>
		</rat:USCRate>
		<rat:USCRate>
			<rat:Index>4</rat:Index>
			<rat:USCRatePercent>8</rat:USCRatePercent>
		</rat:USCRate>
		<rat:PayForUSCToDate>0</rat:PayForUSCToDate>
		<rat:USCDeductedToDate>0</rat:USCDeductedToDate>
		<rat:LPTToDeduct>585.00</rat:LPTToDeduct>
		<rat:PRSIExempt>false</rat:PRSIExempt>
	</rat:RPN>
</rat:LookupRPNResponse>
