<?xml version="1.0" encoding="UTF-8"?>
<!--Document History:
======== Version 0.9 ====================================
i. Document Created 30/06/2017
======== Version 0.10 ====================================
ii. Document updated on 07/09/2017: 
		Renamed the element: “Class" (type="pc:prsiClass") to “PRSIClass”
		Revenue Payroll Instruction changed to Revenue Payroll Notification and RPI changed to RPN
======== Version 1.0 Milestone 1 ====================================
iii. Document updated on 17/11/2017: 
		Renamed the element: "PPSN" to "EmployeePPSN"
		Renamed the element: “calculationBasis" to "IncomeTaxCalculatonBasis"	
		Removed the element: "SubmissionType" 
======== Version 1.0 Milestone 2 ====================================
iv. Document updated on 09/02/2018:
		Date re-formatted
======== Version 1.0 Release Candidate 2 ===========
v. Document updated on 17/05/2018
	 Updated ENUM Values to reflect schematic changes
-->

<pay:PayrollSubmissionRequest xmlns:pay="http://www.ros.ie/schemas/paye-employers/v1/payroll/" xmlns="http://www.ros.ie/schemas/paye-employers/v1/payroll/" xmlns:xsi="http://www.w3.org/2001/XMLSchema-instance" xsi:schemaLocation="http://www.ros.ie/schemas/paye-employers/v1/payroll/payroll-schema.xsd">
	<pay:SubmissionID>05</pay:SubmissionID>
	<pay:BatchReference>
		<pay:Index>1</pay:Index>
		<pay:Count>6</pay:Count>
	</pay:BatchReference>
	<pay:Header>
		<pay:EmployerRegistrationNumber>4587256A</pay:EmployerRegistrationNumber>
		<pay:AgentTain>45879C</pay:AgentTain>
		<pay:PayrollRunReference>0000001</pay:PayrollRunReference>
		<pay:TaxYear>2019</pay:TaxYear>
		<pay:SoftwareUsed>
			<pay:Name>The Software</pay:Name>
			<pay:Version>Version 10.0</pay:Version>
		</pay:SoftwareUsed>
	</pay:Header>
	<pay:Payslip>
		<pay:LineItemID>E1-v1</pay:LineItemID>
		<pay:EmployeeID>
			<pay:EmployeePPSN>1175228T</pay:EmployeePPSN>
			<pay:EmploymentID>1</pay:EmploymentID>
		</pay:EmployeeID>
		<pay:Name>
			<pay:FirstName>Cathal</pay:FirstName>
			<pay:FamilyName>Blogs</pay:FamilyName>
		</pay:Name>
		<pay:PayFrequency>MONTHLY</pay:PayFrequency>
		<pay:RPNNumber>5</pay:RPNNumber>
		<pay:TaxCredits>275.00</pay:TaxCredits>
		<pay:TaxRate>
			<pay:Index>1</pay:Index>
			<pay:RateCutOff>2505.84</pay:RateCutOff>
		</pay:TaxRate>
		<pay:IncomeTaxCalculationBasis>CUMULATIVE</pay:IncomeTaxCalculationBasis>
		<pay:PayDate>2019-01-31</pay:PayDate>
		<pay:GrossPay>2583.34</pay:GrossPay>
		<pay:PayForIncomeTax>2505.84</pay:PayForIncomeTax>
		<pay:IncomeTaxPaid>226.17</pay:IncomeTaxPaid>
		<pay:PayForEmployeePRSI>2583.34</pay:PayForEmployeePRSI>
		<pay:PayForEmployerPRSI>2583.34</pay:PayForEmployerPRSI>
		<pay:PRSIEXEMPT>false</pay:PRSIEXEMPT>
		<pay:PRSIClassDetail>
			<pay:PRSIClass>A1</pay:PRSIClass>
			<pay:InsurableWeeks>5</pay:InsurableWeeks>
		</pay:PRSIClassDetail>
		<pay:EmployeePRSIPaid>103.33</pay:EmployeePRSIPaid>
		<pay:EmployerPRSIPaid>277.71</pay:EmployerPRSIPaid>
		<pay:PayForUSC>2583.34</pay:PayForUSC>
		<pay:USCStatus>ORDINARY</pay:USCStatus>
		<pay:USCPaid>70.04</pay:USCPaid>
		<pay:PensionTracingNumber>PB853942</pay:PensionTracingNumber>
		<pay:EmployerRBS>77.50</pay:EmployerRBS>
		<pay:EmployeeRBS>77.50</pay:EmployeeRBS>
	</pay:Payslip>
	<pay:Payslip>
		<pay:LineItemID>E2-v1</pay:LineItemID>
		<pay:EmployeeID>
			<pay:EmployeePPSN>1175228T</pay:EmployeePPSN>
			<pay:EmploymentID>2</pay:EmploymentID>
		</pay:EmployeeID>
		<pay:Name>
			<pay:FirstName>Cathal</pay:FirstName>
			<pay:FamilyName>Blogs</pay:FamilyName>
		</pay:Name>
		<pay:PayFrequency>MONTHLY</pay:PayFrequency>
		<pay:RPNNumber>6</pay:RPNNumber>
		<pay:TaxCredits>0.00</pay:TaxCredits>
		<pay:TaxRate>
			<pay:Index>1</pay:Index>
			<pay:RateCutOff>310.83</pay:RateCutOff>
		</pay:TaxRate>
		<pay:IncomeTaxCalculationBasis>CUMULATIVE</pay:IncomeTaxCalculationBasis>
		<pay:PayDate>2019-01-31</pay:PayDate>
		<pay:GrossPay>1200.00</pay:GrossPay>
		<pay:PayForIncomeTax>1200.00</pay:PayForIncomeTax>
		<pay:IncomeTaxPaid>417.84</pay:IncomeTaxPaid>
		<pay:PayForEmployeePRSI>1200.00</pay:PayForEmployeePRSI>
		<pay:PayForEmployerPRSI>1200.00</pay:PayForEmployerPRSI>
		<pay:PRSIEXEMPT>false</pay:PRSIEXEMPT>
		<pay:PRSIClassDetail>
			<pay:PRSIClass>A1</pay:PRSIClass>
			<pay:InsurableWeeks>5</pay:InsurableWeeks>
		</pay:PRSIClassDetail>
		<pay:EmployeePRSIPaid>48.00</pay:EmployeePRSIPaid>
		<pay:EmployerPRSIPaid>129.00</pay:EmployerPRSIPaid>
		<pay:PayForUSC>1200.00</pay:PayForUSC>
		<pay:USCStatus>ORDINARY</pay:USCStatus>
		<pay:USCPaid>60.00</pay:USCPaid>
	</pay:Payslip>
	<pay:Payslip>
		<pay:LineItemID>E3-v2</pay:LineItemID>
		<pay:EmployeeID>
			<pay:EmployeePPSN>2548936K</pay:EmployeePPSN>
			<pay:EmploymentID>1</pay:EmploymentID>
		</pay:EmployeeID>
		<pay:Name>
			<pay:FirstName>Caitlin</pay:FirstName>
			<pay:FamilyName>Doe</pay:FamilyName>
		</pay:Name>
		<pay:PayFrequency>WEEKLY</pay:PayFrequency>
		<pay:RPNNumber>1</pay:RPNNumber>
		<pay:TaxCredits>63.46</pay:TaxCredits>
		<pay:TaxRate>
			<pay:Index>1</pay:Index>
			<pay:RateCutOff>650</pay:RateCutOff>
		</pay:TaxRate>
		<pay:IncomeTaxCalculationBasis>CUMULATIVE</pay:IncomeTaxCalculationBasis>
		<pay:PayDate>2019-01-31</pay:PayDate>
		<pay:GrossPay>185.00</pay:GrossPay>
		<pay:PayForIncomeTax>185.00</pay:PayForIncomeTax>
		<pay:IncomeTaxPaid>0</pay:IncomeTaxPaid>
		<pay:PayForEmployeePRSI>185.00</pay:PayForEmployeePRSI>
		<pay:PayForEmployerPRSI>185.00</pay:PayForEmployerPRSI>
		<pay:PRSIEXEMPT>false</pay:PRSIEXEMPT>
		<pay:PRSIClassDetail>
			<pay:PRSIClass>A0</pay:PRSIClass>
			<pay:InsurableWeeks>2</pay:InsurableWeeks>
		</pay:PRSIClassDetail>
		<pay:EmployeePRSIPaid>0</pay:EmployeePRSIPaid>
		<pay:EmployerPRSIPaid>19.89</pay:EmployerPRSIPaid>
		<pay:PayForUSC>185</pay:PayForUSC>
		<pay:USCStatus>ORDINARY</pay:USCStatus>
		<pay:USCPaid>.93</pay:USCPaid>
	</pay:Payslip>
	<pay:Payslip>
		<pay:LineItemID>E4-v3</pay:LineItemID>
		<pay:EmployeeID>
			<pay:EmployeePPSN>7425001H</pay:EmployeePPSN>
			<pay:EmploymentID>1</pay:EmploymentID>
		</pay:EmployeeID>
		<pay:Name>
			<pay:FirstName>Brian</pay:FirstName>
			<pay:FamilyName>Blogs</pay:FamilyName>
		</pay:Name>
		<pay:PayFrequency>FORTNIGHTLY</pay:PayFrequency>
		<pay:RPNNumber>2</pay:RPNNumber>
		<pay:TaxCredits>126.92</pay:TaxCredits>
		<pay:TaxRate>
			<pay:Index>1</pay:Index>
			<pay:RateCutOff>1300</pay:RateCutOff>
		</pay:TaxRate>
		<pay:IncomeTaxCalculationBasis>CUMULATIVE</pay:IncomeTaxCalculationBasis>
		<pay:PayDate>2019-02-07</pay:PayDate>
		<pay:GrossPay>1291.67</pay:GrossPay>
		<pay:PayForIncomeTax>1220.17</pay:PayForIncomeTax>
		<pay:IncomeTaxPaid>117.11</pay:IncomeTaxPaid>
		<pay:PayForEmployeePRSI>1291.67</pay:PayForEmployeePRSI>
		<pay:PayForEmployerPRSI>1291.67</pay:PayForEmployerPRSI>
		<pay:PRSIEXEMPT>false</pay:PRSIEXEMPT>
		<pay:PRSIClassDetail>
			<pay:PRSIClass>A1</pay:PRSIClass>
			<pay:InsurableWeeks>6</pay:InsurableWeeks>
		</pay:PRSIClassDetail>
		<pay:EmployeePRSIPaid>103.33</pay:EmployeePRSIPaid>
		<pay:EmployerPRSIPaid>277.71</pay:EmployerPRSIPaid>
		<pay:PayForUSC>1291.67</pay:PayForUSC>
		<pay:USCStatus>ORDINARY</pay:USCStatus>
		<pay:USCPaid>37.29</pay:USCPaid>
		<pay:PensionTracingNumber>PB365741</pay:PensionTracingNumber>
		<pay:EmployerRBS>103.33</pay:EmployerRBS>
		<pay:EmployeeRBS>77.50</pay:EmployeeRBS>
	</pay:Payslip>
	<pay:Payslip>
		<pay:LineItemID>E5-v1</pay:LineItemID>
		<pay:EmployeeID>
			<pay:EmployeePPSN>0852473A</pay:EmployeePPSN>
			<pay:EmploymentID>1</pay:EmploymentID>
		</pay:EmployeeID>
		<pay:Name>
			<pay:FirstName>Seán</pay:FirstName>
			<pay:FamilyName>Blogs</pay:FamilyName>
		</pay:Name>
		<pay:PayFrequency>MONTHLY</pay:PayFrequency>
		<pay:RPNNumber>5</pay:RPNNumber>
		<pay:TaxCredits>412.50</pay:TaxCredits>
		<pay:TaxRate>
			<pay:Index>1</pay:Index>
			<pay:RateCutOff>3566.67</pay:RateCutOff>
		</pay:TaxRate>
		<pay:IncomeTaxCalculationBasis>CUMULATIVE</pay:IncomeTaxCalculationBasis>
		<pay:PayDate>2019-01-31</pay:PayDate>
		<pay:GrossPay>4108.33</pay:GrossPay>
		<pay:PayForIncomeTax>4005.64</pay:PayForIncomeTax>
		<pay:IncomeTaxPaid>476.42</pay:IncomeTaxPaid>
		<pay:PayForEmployeePRSI>4108.33</pay:PayForEmployeePRSI>
		<pay:PayForEmployerPRSI>4108.33</pay:PayForEmployerPRSI>
		<pay:PRSIEXEMPT>false</pay:PRSIEXEMPT>
		<pay:PRSIClassDetail>
			<pay:PRSIClass>A1</pay:PRSIClass>
			<pay:InsurableWeeks>5</pay:InsurableWeeks>
		</pay:PRSIClassDetail>
		<pay:EmployeePRSIPaid>164.33</pay:EmployeePRSIPaid>
		<pay:EmployerPRSIPaid>441.65</pay:EmployerPRSIPaid>
		<pay:PayForUSC>4108.33</pay:PayForUSC>
		<pay:USCStatus>ORDINARY</pay:USCStatus>
		<pay:USCPaid>146.29</pay:USCPaid>
		<pay:LPTDeducted>48.75</pay:LPTDeducted>
		<pay:GrossMedicalInsurance>95</pay:GrossMedicalInsurance>
		<pay:TaxableBenefits>400.00</pay:TaxableBenefits>
		<pay:PensionTracingNumber>PB367419</pay:PensionTracingNumber>
		<pay:EmployerRBS>102.69</pay:EmployerRBS>
		<pay:EmployeeRBS>102.69</pay:EmployeeRBS>
	</pay:Payslip>
	<pay:Payslip>
		<pay:LineItemID>E6-v3</pay:LineItemID>
		<pay:EmployerReference>0001</pay:EmployerReference>
		<pay:Name>
			<pay:FirstName>Jessica</pay:FirstName>
			<pay:FamilyName>Doe</pay:FamilyName>
		</pay:Name>
		<pay:Address>
			<pay:AddressLine>No 3 Hynes Yard</pay:AddressLine>
			<pay:AddressLine>Mountbellew</pay:AddressLine>
			<pay:County>WEXFORD</pay:County>
		</pay:Address>
		<pay:DateOfBirth>2000-01-04</pay:DateOfBirth>
		<pay:StartDate>2019-01-10</pay:StartDate>
		<pay:PayFrequency>WEEKLY</pay:PayFrequency>
		<pay:TaxCredits>0.00</pay:TaxCredits>
		<pay:TaxRate>
			<pay:Index>2</pay:Index>
			<pay:RateCutOff>0</pay:RateCutOff>
		</pay:TaxRate>
		<pay:IncomeTaxCalculationBasis>EMERGENCY</pay:IncomeTaxCalculationBasis>
		<pay:ExclusionOrder>false</pay:ExclusionOrder>
		<pay:PayDate>2019-01-31</pay:PayDate>
		<pay:GrossPay>242.35</pay:GrossPay>
		<pay:PayForIncomeTax>242.35</pay:PayForIncomeTax>
		<pay:IncomeTaxPaid>96.94</pay:IncomeTaxPaid>
		<pay:PayForEmployeePRSI>242.35</pay:PayForEmployeePRSI>
		<pay:PayForEmployerPRSI>242.35</pay:PayForEmployerPRSI>
		<pay:PRSIEXEMPT>false</pay:PRSIEXEMPT>
		<pay:PRSIClassDetail>
			<pay:PRSIClass>A0</pay:PRSIClass>
			<pay:InsurableWeeks>3</pay:InsurableWeeks>
		</pay:PRSIClassDetail>
		<pay:EmployeePRSIPaid>0.00</pay:EmployeePRSIPaid>
		<pay:EmployerPRSIPaid>20.60</pay:EmployerPRSIPaid>
		<pay:PayForUSC>242.35</pay:PayForUSC>
		<pay:USCStatus>ORDINARY</pay:USCStatus>
		<pay:USCPaid>19.39</pay:USCPaid>
	</pay:Payslip>
</pay:PayrollSubmissionRequest>
