<?xml version="1.0" encoding="UTF-8"?>
<!--Document History:
======== Version 0.9 ====================================
i. Document Created 30/06/2017
======== Version 1.0 Milestone 1 ====================================
i. Document Updated 17/11/2017
======== Version 1.0 Release Candidate 2 ===========
v. Document updated on 24/05/2018
	 Updated ENUM Values to reflect schematic changes
-->
<pay:CheckPayrollRunResponse xmlns:pay="http://www.ros.ie/schemas/paye-employers/v1/payroll/" xmlns="http://www.ros.ie/schemas/paye-employers/v1/payroll/" xmlns:xsi="http://www.w3.org/2001/XMLSchema-instance" xsi:schemaLocation="http://www.ros.ie/schemas/paye-employers/v1/payroll/payroll-schema.xsd">
	<pay:Status>PENDING</pay:Status>
	<pay:Submission>
		<pay:SubmissionID>01</pay:SubmissionID>
		<pay:Status>PENDING</pay:Status>
	</pay:Submission>
</pay:CheckPayrollRunResponse>
