{
  "payslips": [
    {
      "lineItemID": "LineItem-XYZ-Bonus_2",
      "employeeID": {	
        "employeePpsn": "01074431E",
        "employmentID": "1"
      },
      "name": {
        "firstName": "Sara",
        "familyName": "Tester"
      },
      "shadowPayroll": false,
      "payFrequency": "MONTHLY",
      "numberOfPayPeriods": 13,
      "rpnNumber": "3",
      "exclusionOrder": false,
      "payDate": "2018-04-21",
      "grossPay": 200.00,
      "payForIncomeTax": 200.00,
      "incomeTaxPaid": 50.00,
      "payForEmployeePRSI": 200.00,
      "payForEmployerPRSI": 200.00,
      "prsiExempt": false,
      "prsiClassDetails": [
        {
          "prsiClass": "A1",
          "insurableWeeks": 4
        }  
      ],
      "employeePRSIPaid": 20.00,
      "employerPRSIPaid": 20.00,
      "payForUSC": 200.00,
      "uscStatus": "ORDINARY",
      "uscPaid": 20.00,
      "lptDeducted": 0.00,
      "grossMedicalInsurance": 0.00,
      "shareBasedRemuneration": 0.00,
      "taxableBenefits": 0.00,
      "taxableLumpSum": 0.00,
      "nonTaxableLumpSum": 0.00,
      "employerRBS": 0.00,
      "employeeRBS": 0.00,
      "employerPRSA": 0.00,
      "employeePRSA": 0.00,
      "employeeRAC": 0.00,
      "employeeAVC": 0.00
    }
  ],
  "lineItemIDsToDelete": []
}