{
  "status": "PROCESSED",
  "taxOnIncome": 700,
  "prsi": 500,
  "usc": 250,
  "lpt": 96,
  "submissions": [
    {
      "submissionID": "01",
      "status": "COMPLETED",
      "submissionSummary": {
        "taxOnIncome": 400,
        "prsi": 300,
        "usc": 150,
        "lpt": 48,
        "payslipCount": 3,
        "payslipToDeleteCount": 0
      }
    },
    {
      "submissionID": "02",
      "status": "COMPLETED",
      "submissionSummary": {
        "taxOnIncome": 300,
        "prsi": 200,
        "usc": 100,
        "lpt": 48,
        "payslipCount": 2,
        "payslipToDeleteCount": 0
      }
    }
  ],
  "payslipSummaries": [
    {
      "lineItemID": "001",
      "employeeID": {
        "employeePpsn": "0852473A",
        "employmentID": "4"
      },
      "taxOnIncome": 200,
      "prsi": 100,
      "usc": 50,
      "lpt": 48
    },{
      "lineItemID": "002",
      "employeeID": {
        "employeePpsn": "7425001H",
        "employmentID": "2"
      },
      "taxOnIncome": 100,
      "prsi": 100,
      "usc": 50,
      "lpt": 0
    },
    {
      "lineItemID": "003",
      "employeeID": {
        "employeePpsn": "2548936K",
        "employmentID": "1"
      },
      "taxOnIncome": 100,
      "prsi": 100,
      "usc": 50,
      "lpt": 0
    },
    {
      "lineItemID": "004",
      "employeeID": {
        "employeePpsn": "1175228T",
        "employmentID": "1"
      },
      "taxOnIncome": 150,
      "prsi": 100,
      "usc": 50,
      "lpt": 48
    },
    {
      "lineItemID": "005",
      "employeeID": {
        "employeePpsn": "00000008P",
        "employmentID": "1"
      },
      "taxOnIncome": 150,
      "prsi": 100,
      "usc": 50,
      "lpt": 0
    }
  ]
}
