<?xml version="1.0" encoding="UTF-8"?>
<!--Document History:
======== Version 1.0 Release Candidate 2 ===========
i. Document created on 18/04/2019
-->
<pay:PayrollSubmissionRequest xmlns:pay="http://www.ros.ie/schemas/paye-employers/v1/payroll/" xmlns="http://www.ros.ie/schemas/paye-employers/v1/payroll/" xmlns:xsi="http://www.w3.org/2001/XMLSchema-instance" xsi:schemaLocation="http://www.ros.ie/schemas/paye-employers/v1/payroll/payroll-schema.xsd">
	<pay:SubmissionID>06</pay:SubmissionID>
	<pay:Header>
		<pay:EmployerRegistrationNumber>0202020G</pay:EmployerRegistrationNumber>
		<pay:PayrollRunReference>Site3WEEK_1</pay:PayrollRunReference>
		<pay:TaxYear>2019</pay:TaxYear>
		<pay:SoftwareUsed>
			<pay:Name>The Software</pay:Name>
			<pay:Version>Version 10.0</pay:Version>
		</pay:SoftwareUsed>
	</pay:Header>
	<pay:Payslip>
		<pay:LineItemID>E3-v2</pay:LineItemID>
		<pay:PreviousLineItemID>E3-v1</pay:PreviousLineItemID>
		<pay:EmployeeID>
			<pay:EmployeePPSN>00000012G</pay:EmployeePPSN>
			<pay:EmploymentID>1</pay:EmploymentID>
		</pay:EmployeeID>
		<pay:Name>
			<pay:FirstName>Patrick</pay:FirstName>
			<pay:FamilyName>Blogs</pay:FamilyName>
		</pay:Name>
		<pay:PayFrequency>WEEKLY</pay:PayFrequency>
		<pay:RPNNumber>2</pay:RPNNumber>
		<pay:TaxCredits>63.46</pay:TaxCredits>
		<pay:TaxRate>
			<pay:Index>1</pay:Index>
			<pay:RateCutOff>650</pay:RateCutOff>
		</pay:TaxRate>
		<pay:IncomeTaxCalculationBasis>CUMULATIVE</pay:IncomeTaxCalculationBasis>
		<pay:PayDate>2019-01-11</pay:PayDate>
		<pay:GrossPay>500</pay:GrossPay>
		<pay:PayForIncomeTax>500</pay:PayForIncomeTax>
		<pay:IncomeTaxPaid>36.54</pay:IncomeTaxPaid>
		<pay:PayForEmployeePRSI>500</pay:PayForEmployeePRSI>
		<pay:PayForEmployerPRSI>500</pay:PayForEmployerPRSI>
		<pay:PRSIExempt>false</pay:PRSIExempt>
		<pay:PRSIClassDetail>
			<pay:PRSIClass>A1</pay:PRSIClass>
			<pay:InsurableWeeks>1</pay:InsurableWeeks>
		</pay:PRSIClassDetail>
		<pay:EmployeePRSIPaid>20</pay:EmployeePRSIPaid>
		<pay:EmployerPRSIPaid>53.75</pay:EmployerPRSIPaid>
		<pay:PayForUSC>500</pay:PayForUSC>
		<pay:USCStatus>ORDINARY</pay:USCStatus>
		<pay:USCPaid>11.36</pay:USCPaid>
	</pay:Payslip>
</pay:PayrollSubmissionRequest>
