<?xml version="1.0" encoding="UTF-8" standalone="yes"?>
<PayrollSubmissionRequest xmlns="http://www.ros.ie/schemas/paye-employers/v1/payroll/">
	<SubmissionID>Submission-1</SubmissionID>
	<BatchReference>
		<Index>1</Index>
		<Count>1</Count>
	</BatchReference>
	<Header>
		<EmployerRegistrationNumber>3390617EH</EmployerRegistrationNumber>
		<PayrollRunReference>Payroll-Run-Reference-1</PayrollRunReference>
		<TaxYear>2018</TaxYear>
		<SoftwareUsed>
			<Name>SOAP UI</Name>
			<Version>5.4.0</Version>
		</SoftwareUsed>
	</Header>
	<Payslip>
		<LineItemID>LineItem-XYZ</LineItemID>
		<EmployeeID>
			<EmployeePPSN>01234567T</EmployeePPSN>
			<EmploymentID>1</EmploymentID>
		</EmployeeID>
		<Name>
			<FirstName>Sara</FirstName>
			<FamilyName>Tester</FamilyName>
		</Name>
		<LeaveDate>2017-12-31</LeaveDate>
		<ShadowPayroll>false</ShadowPayroll>
		<PayFrequency>Weekly</PayFrequency>
		<NumberOfPayPeriods>52</NumberOfPayPeriods>
		<RPNNumber>3</RPNNumber>
		<ExclusionOrder>false</ExclusionOrder>
		<PayDate>2018-01-29</PayDate>
		<GrossPay>1600.00</GrossPay>
		<PayForIncomeTax>1600.00</PayForIncomeTax>
		<IncomeTaxPaid>400.65</IncomeTaxPaid>
		<PayForEmployeePRSI>1600.00</PayForEmployeePRSI>
		<PayForEmployerPRSI>1600.00</PayForEmployerPRSI>
		<PRSIExempt>false</PRSIExempt>
		<PRSIClassDetail>
			<PRSIClass>A1</PRSIClass>
			<InsurableWeeks>53</InsurableWeeks>
		</PRSIClassDetail>
		<EmployeePRSIPaid>240.33</EmployeePRSIPaid>
		<EmployerPRSIPaid>200.11</EmployerPRSIPaid>
		<PayForUSC>1600.00/PayForUSC>
		<USCStatus>Ordinary</USCStatus>
		<USCPaid>240.00</USCPaid>
		<LPTDeducted>10.00</LPTDeducted>
		<GrossMedicalInsurance>10.00</GrossMedicalInsurance>
		<ShareBasedRemuneration>10.00</ShareBasedRemuneration>
		<TaxableBenefits>10.00</TaxableBenefits>
		<TaxableLumpSum>10.00</TaxableLumpSum>
		<NonTaxableLumpSum>10.00</NonTaxableLumpSum>
		<PensionTracingNumber>PB123456</PensionTracingNumber>
		<EmployerRBS>0.00</EmployerRBS>
		<EmployeeRBS>0.00</EmployeeRBS>
		<EmployerPRSA>0.00</EmployerPRSA>
		<EmployeePRSA>0.00</EmployeePRSA>
		<EmployeeRAC>0.00</EmployeeRAC>
		<EmployeeAVC>0.00</EmployeeAVC>
	</Payslip>
	<Payslip>
		<LineItemID>LineItem-ABC</LineItemID>
		<EmployeeID>
			<EmployeePPSN>01234567T</EmployeePPSN>
			<EmploymentID>1</EmploymentID>
		</EmployeeID>
		<Name>
			<FirstName>Sara</FirstName>
			<FamilyName>Tester</FamilyName>
		</Name>
		<LeaveDate>2017-12-31</LeaveDate>
		<ShadowPayroll>false</ShadowPayroll>
		<PayFrequency>Weekly</PayFrequency>
		<NumberOfPayPeriods>52</NumberOfPayPeriods>
		<RPNNumber>3</RPNNumber>
		<ExclusionOrder>false</ExclusionOrder>
		<PayDate>2018-01-29</PayDate>
		<GrossPay>30000.00</GrossPay>
		<PayForIncomeTax>30000.00</PayForIncomeTax>
		<IncomeTaxPaid>4000.65</IncomeTaxPaid>
		<PayForEmployeePRSI>30000.00</PayForEmployeePRSI>
		<PayForEmployerPRSI>30000.00</PayForEmployerPRSI>
		<PRSIExempt>false</PRSIExempt>
		<PRSIClassDetail>
			<PRSIClass>M</PRSIClass>
			<InsurableWeeks>53</InsurableWeeks>
		</PRSIClassDetail>
		<EmployeePRSIPaid>240.33</EmployeePRSIPaid>
		<EmployerPRSIPaid>240.11</EmployerPRSIPaid>
		<PayForUSC>3000.00</PayForUSC>
		<USCStatus>Ordinary</USCStatus>
		<USCPaid>240.00</USCPaid>
		<LPTDeducted>100.00</LPTDeducted>
		<GrossMedicalInsurance>100.00</GrossMedicalInsurance>
		<ShareBasedRemuneration>100.00</ShareBasedRemuneration>
		<TaxableBenefits>100.00</TaxableBenefits>
		<TaxableLumpSum>100.00</TaxableLumpSum>
		<NonTaxableLumpSum>100.00</NonTaxableLumpSum>
		<PensionTracingNumber>PB123456</PensionTracingNumber>
		<EmployerRBS>0.00</EmployerRBS>
		<EmployeeRBS>0.00</EmployeeRBS>
		<EmployerPRSA>0.00</EmployerPRSA>
		<EmployeePRSA>0.00</EmployeePRSA>
		<EmployeeRAC>0.00</EmployeeRAC>
		<EmployeeAVC>0.00</EmployeeAVC>
	</Payslip>
</PayrollSubmissionRequest>

