{
	"requestType": "payrollSubmission",
	"employerRegistrationNumber": "1234567T",
	"taxYear": 2018,
	"softwareUsed": "PayrollSoftware",
	"softwareVersion": "1.234",
	"payrollRunReference": "123456-1234567T-w5",
	"submissionID": "12345-1234567T-01-w9",
	"requestBody": {
		  "payslips": [
            {
			  "lineItemID": "lineItem1",
			  "previousLineItemID": "",
			  "employeeID": {
				"employeePpsn": "1234567X",
				"employmentID": ""
			  },
			  "employerReference": "John",
			  "name": {
				"firstName": "PAYEOS-MOSE",
				"familyName":"PAYEOS-NADER"
			  },
			  "dateOfBirth": "1970-01-01",
			  "startDate": "2013-01-01",
			  "director": "PROPRIETARY",
			  "shadowPayroll": false,
			  "payFrequency": "MONTHLY",
			  "numberOfPayPeriods": 12,
			  "rpnNumber": "rpnNumber",
			  "taxCredits": 275.0,
			  "taxRates": [
				{
				  "index": 1,
				  "taxRatePercent": 0.0,
				  "rateCutOff": 2505.84,
				  "yearlyRateCutOff": 0.0
				}
			  ],
			  "incomeTaxCalculationBasis": "CUMULATIVE",
			  "exclusionOrder": false,
			  "payDate": "1970-01-01",
			  "grossPay": 0.0,
			  "payForIncomeTax": 226.17,
			  "incomeTaxPaid": 103.33,
			  "payForEmployeePRSI": 2583.34,
			  "payForEmployerPRSI": 2583.34,
			  "prsiExempt": false,
			  "prsiClassDetails": [
				{
				  "prsiClass": "A1",
				  "insurableWeeks": 0
				}
			  ],
			  "employeePRSIPaid": 0.0,
			  "employerPRSIPaid": 0.0,
			  "payForUSC": 2583.34,
			  "uscStatus": "EXEMPT",
			  "uscPaid": 0.0,
			  "lptDeducted": 0.0,
			  "grossMedicalInsurance": 0.0,
			  "shareBasedRemuneration": 0.0,
			  "taxableBenefits": 0.0,
			  "taxableLumpSum": 0.0,
			  "nonTaxableLumpSum": 0.0,
			  "employerRBS": 0.0,
			  "employeeRBS": 0.0,
			  "employerPRSA": 0.0,
			  "employeePRSA": 0.0,
			  "employeeRAC": 0.0,
			  "employeeAVC": 0.0
			}
		  ],
		  "lineItemIDsToDelete": [
			{
			  "lineItem": ""
			}
		  ]
  	}
}