{
    "status": "PROCESSED",
    "taxOnIncome": 0,
    "prsi": 240,
    "usc": 0,
    "lpt": 0,
    "submissions": [
        {
            "submissionID": "Submission_00001",
            "status": "COMPLETED",
            "submissionSummary": {
                "taxOnIncome": 0,
                "prsi": 240,
                "usc": 0,
                "lpt": 0,
                "payslipCount": 1,
                "payslipToDeleteCount": 0
            }
        }
    ],
    "payslipSummaries": [
        {
            "lineItemID": "LineItem-XYZ-00001",
            "employeeID": {
                "employeePpsn": "01074096Q",
                "employmentID": "1"
            },
            "taxOnIncome": 0,
            "prsi": 240,
            "usc": 0,
            "lpt": 0
        }
    ]
}